,pca,pca_umap,pca_tsne
VCX,0.999999993436228,0.0484984609026544,0.0099655993652734
VCX2,0.999999982763391,0.154886208325601,0.329048731476566
VCX3B,0.999999992073186,0.031071468150453,0.0823893803615958
CLDN34,0.999999982898372,0.227195403257296,0.136312543997421
CBLL2,0.999999997644619,0.149445494566697,0.117078715364578
DDX53,0.999999994445966,0.0756914924735077,0.0277887505490577
MAGEB18,0.999999993949879,0.301232493058242,0.145108513853615
MAGEB6B,0.999999995919631,0.0009574738012449,0.0057086043711937
MAGEB6,0.999999987426144,0.069774747742283,0.0834333190467432
MAGEB5,0.999999994819246,0.12489020158768,0.121674773247597
DCAF8L1,0.999999995569522,0.120952713248966,0.0928503013221573
MAGEB4,0.999999973670094,0.770387002879489,0.769257253506345
MAGEB1,0.999999991799227,0.194558284446382,0.100661803213315
NR0B1,0.999999982555587,0.0379304073143595,0.0512424479647813
FTHL17,0.999999993767852,0.208787973928791,0.164476911864889
FAM47A,0.999999989897303,0.204155122831267,0.162050338666661
FAM47B,0.999999994212683,0.3597596082082,0.339110952524696
FAM47C,0.999999985268018,0.613975793562156,0.101945855207916
SPACA5B,0.999999988511482,0.492788706706422,0.442410585192026
GAGE13,0.999999983349002,0.455866139633685,0.450718827449643
GAGE2E,0.999999994217167,0.205905104680587,0.340324242955414
GAGE12F,0.999999980896017,0.461725831391709,0.404833258750324
SSX2B,0.999999998205858,0.252255539820886,0.0775358485509422
SPANXN5,0.999999983687584,0.285765400822714,0.275691485419624
PAGE2,0.99999999098922,0.0887782310024615,0.0934380089956861
MTRNR2L10,0.999999990746813,0.0155992379195816,0.0168615826297891
RAB41,0.999999997811322,0.316470197380191,0.290514602473088
PABPC1L2B,0.999999961229253,0.258644278939208,0.260015687171988
PABPC1L2A,0.9999999656892,0.231329358303383,0.395690882717683
CDX4,0.999999997761431,0.103032547369747,0.211849140794796
TGIF2LX,0.999999994083995,0.0295543888462418,0.103970759306532
NXF2,0.999999966786958,0.197483849132247,0.478272576516142
RAB40AL,0.999999991573374,0.399923153481544,0.330119072955845
BEX1,0.999999992720298,0.0191940207251089,0.013818287858088
H2BFWT,0.999999989830279,0.124577196735106,0.409205123570092
TMSB15B.1,0.999999989830279,0.124577196735106,0.409205123570092
SERPINA7,0.999999994561542,0.135435278468269,0.0582064203059699
CT83,0.999999969184665,0.165451651792597,0.55273586533332
CT47B1,0.999999992682514,0.0968135527041483,0.111633399927796
DCAF12L1,0.999999995452228,0.115935716169284,0.134973454348456
ACTRT1,0.99999998749328,0.0484817772159937,0.0651640611683624
OR13H1,0.999999993375528,0.214064821664948,0.304248757774385
TFDP3,0.999999988435679,0.291056434441695,0.207684173482265
ETDB,0.99999997751244,0.0962343985802912,0.255768117881766
CT45A1,0.999999987429914,0.999999971306154,0.0366606411233259
CDR1,0.999999985944154,0.16038010572151,0.278939711979707
SPANXB1,0.999999988462017,0.0613019901777372,0.077097528396599
SPANXC,0.999999994132749,0.387758030556726,0.354248083898704
SPANXA1,0.999999981309657,0.255005620982246,0.239882913838129
SPANXD,0.999999976872199,0.435679640721353,0.234464804048121
SPANXN2,0.999999984946259,0.0157156110407592,0.016314774046781
SPANXN1,0.999999987388097,0.286206252499043,0.283030731980833
AC231656.1,0.999999993120314,0.197286192731983,0.172083496346356
MAGEA3,0.999999989976404,0.300764054804622,0.35048525422701
MAGEA6,0.999999977272094,0.187778717254141,0.272678176195195
AC236972.4,0.999999962212158,0.999999941384126,0.0907948638829191
OPN1MW,0.99999999484311,0.0099990747904069,0.0477978652253869
DEFB126,0.999999996032775,0.184940613642954,0.137670706969989
DEFB128,0.999999995523081,0.0373814210461837,0.0708729415875467
PROKR2,0.999999994967522,0.0419926065607874,0.0290817280185206
AL034430.2,0.999999989069438,0.50715923227483,0.370818834017662
CST1,0.999999994078086,0.0371360781494999,0.0005466501403301
CST2,0.999999997062534,0.124174100085727,0.154934843405898
DEFB116,0.99999998360428,0.397556649691227,0.387187121091734
DEFB118,0.999999975650946,0.31421414043709,0.33297628203994
DEFB119,0.999999981476471,0.0302745056233586,0.0014132335526297
SPINT4,0.999999992232256,0.0806029359071126,0.0558624205423186
CBLN4,0.999999991038286,0.0108324718147325,0.181749168502869
OR4F5,0.999999964644107,0.225348899863298,0.299216955960986
ACTRT2,0.999999994054827,0.223796863557687,0.3064108638817
PRAMEF12,0.999999985268018,0.613975793562156,0.101945855207916
PRAMEF11,0.999999978954966,0.0145366157215291,0.174558494545726
HNRNPCL1,0.999999975347082,0.143302806558447,0.781332799099561
PRAMEF2,0.999999993212598,0.239568965998606,0.245436980716416
PRAMEF10,0.999999963223822,0.587647226694737,0.572214196819583
PRAMEF6,0.999999988435679,0.291056434441695,0.207684173482265
HNRNPCL2,0.999999995843696,0.0138007122495798,0.0012962199621499
PRAMEF18,0.999999987239081,0.469282480811134,0.278358554676386
PRAMEF5,0.999999981100342,0.0723146808498025,0.0086120552141415
PRAMEF15,0.99999998209904,0.148662268132548,0.306173977506995
PRAMEF19,0.999999973669345,0.280461822237769,0.151074015363465
PRAMEF20,0.999999988771067,0.200865854298831,0.147695558135702
PLA2G2A,0.999999988744813,0.0496986204160585,0.0705882774706157
HMGB4,0.999999989672342,0.0200223790459998,0.0231762433465486
GJB4,0.999999996694381,0.0349167137371584,0.0038561095446528
CYP4A11,0.99999999569407,0.139530086527868,0.143176573387278
HSD3B2,0.999999994267375,0.0379356548103741,0.0033085289352526
HSD3B1,0.999999990436864,0.276427703533123,0.325612631774497
PPIAL4H,0.999999998205858,0.252255539820886,0.0775358485509422
HIST2H4A,0.999999990892105,0.281251684186849,0.077189957459237
HIST2H4B,0.999999995388659,0.280995074241522,0.292482903085085
LCE5A,0.999999977647598,0.252020405721475,0.188978533947048
LCE3D,0.999999985379403,0.243823716610238,0.231835965609142
LCE2D,0.999999992973051,0.264667212435757,0.242794492541853
LCE2C,0.999999987799047,0.423512080371695,0.423287317725356
LCE2B,0.999999986550278,0.116732299000814,0.11044832501906
LCE2A,0.999999985268018,0.613975793562156,0.101945855207916
LCE4A,0.999999990888765,0.101485714781199,0.373846199784873
C1orf68,0.99999998967924,0.705104352474557,0.473484231998289
KPRP,0.999999992858669,0.0476661131513632,0.0854801505124158
LCE1F,0.999999982742505,0.344466646720599,0.31114314441687
LCE1D,0.999999990911633,0.44140423514669,0.233665328595571
LCE1C,0.999999984546902,0.223709416172039,0.524566582344135
LCE1B,0.999999985379403,0.243823716610238,0.231835965609142
LCE1A,0.999999989373221,0.0579166961374585,0.070761087009977
IVL,0.999999996809562,0.0508616947409669,0.071418612020706
SPRR5,0.999999987733479,0.0630436874747274,0.073128683582646
SPRR4,0.999999993159034,0.234758991596901,0.222202331626058
SPRR1A,0.999999988771067,0.200865854298831,0.147695558135702
SPRR3,0.999999985230953,0.120637958850763,0.0514361224628439
SPRR2D,0.999999991283949,0.0063194708460458,0.0385761161599984
SPRR2E,0.999999988883168,0.461080214589285,0.411563316230004
SPRR2F,0.999999992465682,0.252656259711392,0.265380889264367
SPRR2G,0.999999987442145,0.413892396376572,0.435714104333665
LELP1,0.999999994616011,0.0328036434535079,0.163013944306159
PRR9,0.999999980273221,0.327833626505914,0.386774927979239
OR10J5,0.999999990615508,0.999999974822241,0.812094027864264
APCS,0.999999991266481,0.01650489361885,0.18689226556525
GPR52,0.999999995555954,0.176025486670016,0.266252611651194
OCLM,0.999999992219406,0.0566411571165075,0.0238413990154596
ZC3H11B,0.999999996191793,0.108486840068747,0.273325472805965
MT1HL1,0.999999996098943,0.236774190716417,0.215549046426751
ZP4,0.99999999728603,0.210470859637943,0.144440501517774
MTRNR2L11,0.999999989725907,0.428231959837317,0.432898448513519
OR2G2,0.999999988505296,0.172234948189027,0.289888803344138
OR2G3,0.999999996249525,0.201144681198879,0.215371470663453
OR14A2,0.999999991915551,0.999999975916749,0.766331316849986
OR14K1,0.999999992088136,0.118763344667164,0.422319157504326
OR2W3,0.999999991880249,0.0537722113722591,0.388157734730625
OR2T8,0.999999985379403,0.243823716610238,0.231835965609142
OR2L8,0.99999999495067,0.139491450052049,0.140049151926034
OR2M5,0.999999995057211,0.419262966942853,0.157853596376571
OR2M2,0.9999999656892,0.231329358303383,0.395690882717683
OR14C36,0.99999998967924,0.705104352474557,0.473484231998289
OR2T4,0.999999995025686,0.120674128311247,0.0420051000515793
OR2T3,0.999999993852595,0.133265243536427,0.426981579993331
OR2T5,0.999999998566979,0.329404623633625,0.0553725208350036
OR2T29,0.999999982627503,0.0472535413730217,0.048046126768529
OR2T27,0.999999981995093,0.0281953474118311,0.0094886516952754
HDGFL1,0.99999998817145,0.322336746407295,0.240519431480429
HIST1H2AA,0.999999995668811,0.046929385870839,0.060492818160066
HIST1H2BA,0.999999996266218,0.0405127990242372,0.0979802259211166
OR2B6,0.999999997293671,0.0702264629635985,0.0565316846230601
OR2W1,0.999999991147467,0.193217329227364,0.239923101206683
OR2J1,0.999999993379543,0.03650621049136,0.0350642671434456
OR12D3,0.999999975650946,0.31421414043709,0.33297628203994
OR12D2,0.999999982855479,0.68111734168749,0.999999939110623
PGK2,0.999999987931648,0.0424464914020472,0.0715496219915768
DEFB113,0.999999996775945,0.154464262158872,0.120143779322822
GSTA1,0.999999996678178,0.0418271900322871,0.0332912819204057
FKBP1C,0.999999992061717,0.274436387026486,0.219635158429472
RFPL4B,0.999999995601952,0.0495831690920132,0.0498915676093039
PBOV1,0.999999994113574,0.092197082728862,0.0884596442578028
IQCF6,0.999999991209208,0.145490492950478,0.999999976524254
IQCF3,0.999999991550943,0.0629436025983754,0.0158092704434453
FRG2C,0.999999986456292,0.0133191728236156,0.0178826595557029
OR5AC2,0.999999981494341,0.243752944499847,0.299158843081557
OR5H14,0.99999999370928,0.0333915958734498,0.0778548497387268
SOX14,0.999999989402042,0.0496452303980643,0.0735303330634407
PRR23A,0.999999982742505,0.344466646720599,0.31114314441687
PRR23B,0.999999994116013,0.108922566237517,0.0741713949947896
PRR23C,0.999999993951153,0.217273783893654,0.442757563748175
ARL14,0.999999986627168,0.0277828562734229,0.0055022207474828
PYDC2,0.999999977272094,0.187778717254141,0.272678176195195
PRPS1L1,0.999999996533076,0.069137653616292,0.0747978645133059
FERD3L,0.999999980998868,0.0944395762910933,0.439936581195541
NPVF,0.999999997811543,0.0395157950293192,0.0056640034294826
CDC14C,0.999999994276704,0.492123357915177,0.263500865836355
POM121L12,0.999999988820479,0.160304875902757,0.419250734247647
SPDYE16,0.999999990489872,0.0582919155863317,0.0487358693539205
TAC1,0.999999995712617,0.099123120446389,0.0937334249974253
SPDYE2,0.999999982270435,0.363774702965768,0.112352558153246
SPDYE2B,0.999999995772489,0.128177647311785,0.125452437121478
RNF133,0.999999987798554,0.222583553140411,0.183082434569115
RNF148,0.999999963223822,0.587647226694737,0.572214196819583
TMEM229A,0.99999999321995,0.162972738726126,0.173997728816369
TAS2R4,0.999999988857274,0.116015006864139,0.0484596799768802
TAS2R5,0.999999993329653,0.153556164971306,0.215696391663726
PRSS37,0.999999996470625,0.181438819730792,0.172740782818681
PRSS58,0.999999996072992,0.167928974131217,0.10642756457036
CTAGE15,0.9999999656892,0.231329358303383,0.395690882717683
OR2F2,0.999999992361674,0.295529213414083,0.299483681990024
OR2A25,0.999999995912565,0.0063032612730971,0.0315338317523209
OR2A42,0.999999978992494,0.0466031897360416,0.0164878073442498
OR2A7,0.999999979771508,0.10263563051079,0.859205229147848
OR2A1,0.999999987171915,0.375527612958549,0.129561652479157
TAS2R8,0.99999999003006,0.235523283163946,0.149954909533592
TAS2R9,0.999999963223822,0.587647226694737,0.572214196819583
TAS2R10,0.999999993547508,0.0080770497208225,0.0592536977722032
TAS2R50,0.999999993113201,0.0655935232168487,0.0037683452315133
TAS2R42,0.999999994642158,0.0951946083074741,0.0392889134212542
PRB4,0.999999995179313,0.135730405825458,0.108803074678026
CAPZA3,0.999999994155464,0.0872670654510933,0.0269152874590698
OR5BS1P,0.999999983071918,0.301995059323839,0.249659513539258
LALBA,0.999999994840973,0.123863960256996,0.149151840783515
OR10A7,0.999999977956003,0.325737939965278,0.296396083280254
OR6C74,0.999999975995925,0.540951174146091,0.565230887465492
OR6C6,0.999999994939697,0.17617580213972,0.115790344567519
OR6C75,0.999999971374463,0.441170587075631,0.494033135192266
OR6C65,0.99999998531788,0.247319860490539,0.361961768960859
OR6C76,0.99999998967924,0.705104352474557,0.473484231998289
OR2AP1,0.999999986605097,0.251234135618793,0.276072001867426
FAM71C,0.999999996234336,0.231838450285889,0.248664100745135
PMCH,0.999999987104799,0.0327228201386357,0.100385564353291
MRPL23,0.999999992822411,0.107900547069561,0.0666580326062749
SSU72P5,0.999999985268018,0.613975793562156,0.101945855207916
SSU72P4,0.999999982509924,0.0763153834912779,0.0686538348736828
SSU72P7,0.999999977514233,0.799861272968552,0.18077635651945
OR52B4,0.999999985165715,0.235238557998834,0.0311404121784925
OR52M1,0.999999991087382,0.153478253621788,0.177307723835222
OR51F1,0.999999994189265,0.258064270187711,0.199996303390408
OR52R1,0.999999985009802,0.570892452037156,0.201259853291702
OR51T1,0.999999995452866,0.383177443946727,0.443539588966423
OR51G1,0.999999991285323,0.0729283485703628,0.0257032905496651
OR51A4,0.999999996111931,0.0525451401706144,0.028566731942135
OR51A2,0.999999994092496,0.221160277151831,0.231763714892334
OR52J3,0.999999982627503,0.0472535413730217,0.048046126768529
OR52E2,0.99999999699854,0.248128467266994,0.21588935563231
OR51V1,0.999999981309657,0.255005620982246,0.239882913838129
HBB,0.999999996264969,0.169073344764557,0.176406985601586
HBG1,0.999999996679376,0.231558946165269,0.279000552813831
AC104389.6,0.999999994602004,0.272952771132766,0.274503344083035
OR51B4,0.999999993588223,0.273268986417058,0.306123660141958
OR51B2,0.999999991166903,0.222430544077115,0.233074710271582
OR51B6,0.999999995223166,0.193767022393142,0.286936945182297
UBQLN3,0.999999969184665,0.165451651792597,0.55273586533332
UBQLNL,0.999999990111391,0.0149115284488695,0.137466950927101
OR52H1,0.999999986834961,0.0329681241738499,0.0363879210504262
OR52E8,0.999999986977715,0.0891747637440413,0.0499372368682395
OR52L1,0.999999995651918,0.341552501475123,0.258277865192232
OR10A5,0.999999990686415,0.0413621472897459,0.0314640902597215
OR10A4,0.999999991120068,0.15219920500485,0.538272733935654
OR2D2,0.99999999666744,0.119751740699561,0.0469634417689397
OR2D3,0.999999983217577,0.342755940173819,0.115885861452345
RBMXL2,0.999999964874727,0.438549800762815,0.331230586428284
OR5P2,0.999999994146027,0.329086364805451,0.418993855603172
OR5P3,0.999999994316236,0.0432254353831971,0.0783914206507724
OR10A3,0.999999993209923,0.118089501895156,0.375269264838381
CSNK2A3,0.999999994863387,0.306939470612788,0.277546158082851
PTH,0.999999991283687,0.0228695983250134,0.0575873409341113
OR4B1,0.999999991154472,0.0062356144990724,0.0066838647218066
OR4X2,0.99999999085238,0.219497948451429,0.366462242360512
OR4S1,0.999999996138503,0.187391769754232,0.177783927402035
OR4C5,0.999999985841195,0.0068797509731154,0.0375050695996877
OR4A47,0.999999989976946,0.0830041879170238,0.206878731818333
TRIM49B,0.999999991606507,0.0534610529582419,0.0606887267892858
TRIM64C,0.999999992858603,0.211532702676599,0.437814029000765
OR4C13,0.999999979956928,0.076057121126374,0.0632710251696641
OR4C12,0.999999990307073,0.477963582648586,0.0849094324100128
OR4C46,0.999999985771023,0.0781603306945286,0.0399473452279217
OR4A5,0.999999976603553,0.480996535069887,0.18662154551016
OR4A16,0.999999995223493,0.0545895700607443,0.0808970787201042
OR4A15,0.999999983793062,0.0308206314162666,0.0295085445471938
OR4C15,0.999999992607803,0.272628592181011,0.228053746535707
OR4C11,0.999999993383569,0.13770471476054,0.170326649619147
OR4P4,0.999999983280236,0.0816565378396644,0.0860738580105345
OR5D3P,0.999999994232044,0.0236157050884697,0.0068405293714509
OR5D13,0.999999989003082,0.0093660173634437,0.0430380508725106
OR5D14,0.999999972767456,0.230936302381891,0.45008169489987
OR5L1,0.999999986200378,0.125468242913867,0.379409345533469
OR5D16,0.999999995698091,0.176377673415798,0.212656902423665
OR5I1,0.999999996839317,0.10498655585553,0.107055580796508
OR10AG1,0.999999988271079,0.0609538180160233,0.0735988935296491
OR5F1,0.999999992214824,0.235351999618137,0.334334599112234
OR8I2,0.99999999278676,0.0424194065006408,0.0390683288780235
OR8H2,0.999999993749399,0.0259460861508114,0.0136005062478609
OR8H3,0.999999993873191,0.0508359211820609,0.112978664772304
OR8K5,0.99999999373533,0.354598102957002,0.211164992444121
OR5J2,0.99999998816619,0.0109488940015068,0.0039609421325928
OR5T3,0.99999998967924,0.705104352474557,0.473484231998289
OR5R1,0.99999998930424,0.127114538215534,0.12621511877401
OR5M3,0.999999975650946,0.31421414043709,0.33297628203994
OR5M11,0.999999990031561,0.0065311193290194,0.10474747828437
OR5M10,0.999999989870828,0.0677731384617265,0.0323228986257674
OR5M1,0.999999995015582,0.355412056359268,0.19013137098426
OR5AP2,0.999999987175427,0.106152516049477,0.106310330147714
OR5AR1,0.999999985539882,0.0330685417499424,0.0474436632414341
OR5AK2,0.999999961229253,0.258644278939208,0.260015687171988
OR9I1,0.999999988076514,0.0130182657898671,0.0003773581361203
OR9Q2,0.999999989223506,0.0503915409354966,0.0105141203979733
OR1S2,0.999999991787802,0.216710980985333,0.286655112959952
OR1S1,0.999999985009802,0.570892452037156,0.201259853291702
OR10Q1,0.99999999357695,0.308717942344027,0.198050509243683
OR10W1,0.999999994065842,0.0106813860581049,0.02833468573811
OR5B3,0.999999985060788,0.0443453930370338,0.0089551611716356
OR5B12,0.999999996571383,0.0639185192599356,0.115769383569979
SCGB2A2,0.999999991789305,0.0561113404703976,0.029886596994157
KRTAP5-7,0.999999993497003,0.249270693523019,0.421054271151786
KRTAP5-8,0.999999994239653,0.200936697887361,0.416433824333968
DEFB108B,0.999999980751583,0.147061000946122,0.238778561773425
DEFB131B,0.999999994718598,0.136432902324255,0.1250296694307
TRIM49,0.999999991430259,0.23341133660426,0.284891004223613
TRIM64B,0.999999991542482,0.273061917732931,0.209005396312879
TRIM49D1,0.999999985379403,0.243823716610238,0.231835965609142
TRIM49C,0.999999994453268,0.0184026605208573,0.0326914784609307
IZUMO1R,0.999999987211403,0.358066196663337,0.258999251838027
KDM4E,0.999999996702976,0.0591440565441209,0.202915381263458
BLID,0.999999993495062,0.121620378813541,0.0665838628349814
OR6X1,0.999999988779649,0.0230128765347518,0.240141982699832
OR4D5,0.999999995018595,0.255878873602448,0.219165941040838
OR6T1,0.999999980671585,0.0497597167652889,0.15121647887758
OR10G6,0.999999986781673,0.0494476587493259,0.0119386001242869
OR10G9,0.999999992389217,0.0143400262548505,0.031136948290707
OR10G7,0.999999988580325,0.309940935015222,0.379441791306234
OR8B2,0.999999979188659,0.400689356472321,0.315937226465582
PATE1,0.99999999645898,0.126986785410526,0.169381063203935
PATE2,0.999999996970665,0.147920179154259,0.12100691509612
SPATA19,0.999999992807476,0.346528996251738,0.0779922223795888
DEFB131A,0.999999986333135,0.0578087021415135,0.0599278845870304
UGT2B28,0.999999991078265,0.0348790017613761,0.153618876613251
CABS1,0.999999977647598,0.252020405721475,0.188978533947048
GK2,0.999999994900204,0.0692118299775709,0.052725728540834
DSPP,0.999999994923689,0.0073336559856613,0.113440606325357
PDHA2,0.999999990177608,0.0123400175015965,0.029172190547478
TRAM1L1,0.999999990668767,0.420593811425933,0.443115644076475
PABPC4L,0.99999998028213,0.858839896982937,0.309292674041117
ZFP42,0.999999996167531,0.148000433409527,0.232339852716259
OR3A1,0.99999999760414,0.237149097719932,0.240598807187555
OR1E1,0.999999993573725,0.0451717598199204,0.0498302420714489
MYH4,0.999999987565059,0.0068271131382352,0.0048134767497896
MYH1,0.999999994996381,0.289861568244153,0.238765361242273
KCNJ18,0.999999992263111,0.0981412811940805,0.99999995680348
TBC1D3K,0.999999982131075,0.304056231651896,0.267144341174007
TBC1D3L,0.999999991467781,0.999999957917181,0.851252260112658
KRTAP3-3,0.999999987135503,0.249941269039938,0.0852977844835342
KRTAP1-3,0.999999991827858,0.210787859371954,0.224830971672342
KRTAP2-1,0.99999999571073,0.053140874726329,0.0730329753429365
KRTAP2-2,0.999999994494242,0.00394577185024,0.0101418963564253
KRTAP9-2,0.999999990993018,0.0519307235476779,0.0364668245002603
KRTAP9-4,0.999999981127137,0.0364155432883448,0.0208347845493429
NACA2,0.99999998967924,0.705104352474557,0.473484231998289
REG3G,0.999999991542482,0.273061917732931,0.209005396312879
REG1A,0.999999976603553,0.480996535069887,0.18662154551016
REG3A,0.999999986212307,0.660654976312283,0.272573014935447
PLGLB1,0.999999988496872,0.175265622411928,0.182293764091375
TEX37,0.999999994851712,0.0385463200708881,0.424320063671136
TRIM43B,0.999999993481368,0.0784074512552763,0.0444301296309111
AC112229.3,0.999999987376229,0.0075725228621596,0.127330686816903
C1QL2,0.999999995223173,0.0259288808918348,0.0272077705886032
TEX51,0.999999991849696,0.415379736478812,0.208111465397931
POTEI,0.999999994531078,0.298622949852828,0.20819627494189
CFC1,0.99999999003006,0.235523283163946,0.149954909533592
POTEJ,0.999999991067951,0.025662446191444,0.0325339257342888
POTEE,0.999999989463056,0.724811670250055,0.329107539224542
TNP1,0.999999997305861,0.101204137243848,0.253466974132263
SCYGR3,0.999999993189011,0.0675914143096771,0.0692863670838843
SCYGR6,0.999999994690424,0.0218304335993531,0.0846093031823883
SCYGR8,0.999999994652836,0.0699882519168922,0.103263325737787
NPIPA5,0.999999993800657,0.132732001117289,0.14059611080839
AC138969.1,0.999999969184665,0.165451651792597,0.55273586533332
ACSM2A,0.999999988486218,0.0146876660657842,0.0061618627625475
NPIPB3,0.99999997693064,0.298840009094403,0.102779829908675
NPIPB5,0.999999990171168,0.0026284443802983,0.0129376780081173
EIF3CL,0.999999991471573,0.553303971281873,0.925860692895414
BOLA2,0.999999994809124,0.0081628163108282,0.0008265665614734
BOLA2-SMG1P6,0.999999994809124,0.0081628163108282,0.0008265665614734
SLX1B,0.99999998759026,0.162492935223637,0.104119814495156
SULT1A4,0.999999981608811,0.412287323704937,0.101348216703705
NPIPB12,0.99999999634224,0.203674806961942,0.375632043304395
BOLA2B,0.999999995220846,0.111711472356493,0.0773259241603908
SLX1A,0.999999995220846,0.111711472356493,0.0773259241603908
IRX6,0.999999984881726,0.002343822777292,0.0332030668756525
CLEC18C,0.999999987816517,0.0754732546062916,0.0185441262022985
DEFA6,0.999999991884113,0.244744541062238,0.235413140244634
DEFA3,0.999999975650946,0.31421414043709,0.33297628203994
DEFA5,0.999999987213715,0.309921371735196,0.107721802152095
DEFB106B,0.999999987225992,0.0053771420643081,0.0320573518123507
DEFB107B,0.999999988314564,0.174984909788102,0.516822796498622
AC134684.8,0.999999991973539,0.282881246881918,0.116902894960571
DEFB104A,0.99999999055041,0.0734436559238781,0.0363321177624532
SPAG11A,0.999999989454906,0.401849195548345,0.385956807635964
DEFB136,0.999999995826502,0.0304198317373244,0.0341454681141641
DEFB134,0.999999992517342,0.130705332230817,0.159071049214495
USP17L2,0.999999988680025,0.003657373503357,0.003813542151932
TCIM,0.99999998905783,0.280585133446534,0.246391751777042
FABP9,0.999999989846396,0.0520164442031084,0.0556025298535357
DCAF4L2,0.999999987162052,0.349548767247883,0.206102699754209
MBD3L2B,0.999999985424743,0.0724183587208827,0.0458993553356587
MBD3L2,0.999999977759684,0.0322923185077528,0.0335976914523385
OR1M1,0.999999992750155,0.0313346111851665,0.203278166153441
OR10H2,0.999999989775625,0.0392501737814133,0.117812161068335
PSG7,0.999999986269066,0.255152298250701,0.232940629491312
VN1R4,0.999999981049063,0.238535981948474,0.346863772081641
IFNA21,0.999999993397022,0.112693493040554,0.0403113211140849
IFNA4,0.999999982295248,0.0055793379504211,0.0060451668993443
IZUMO3,0.999999986599863,0.28907613353164,0.277851020939052
TAF1L,0.999999991424588,0.0748401000672242,0.0314909650989594
TMEM215,0.999999997561415,0.0227584756466726,0.0546280879362145
FOXD4L6,0.999999984733073,0.340973628493499,0.32644953901084
SPATA31A6,0.999999977272094,0.187778717254141,0.272678176195195
CNTNAP3C,0.999999985920987,0.59040626403263,0.757497034662361
AL391987.2,0.999999988884828,0.11505594939518,0.0548336469604424
AL391987.1,0.999999988884828,0.11505594939518,0.0548336469604424
FOXD4L5,0.999999978415676,0.999999952676972,0.706529055301409
FOXD4L4,0.999999992435416,0.0623043327025626,0.0445342232359675
SPATA31A3,0.999999990615508,0.999999974822241,0.812094027864264
CBWD3,0.999999988385295,0.139687934267348,0.127174291323258
OR13C4,0.999999994561302,0.0454543321688675,0.0344737751724642
OR13C8,0.999999985509119,0.278324363890328,0.195461748919782
OR13C5,0.99999997882208,0.0632356790874353,0.0704823817108604
OR13C9,0.999999993201343,0.0049618510406275,0.0954261165564663
OR2K2,0.999999984148374,0.0067314365768338,0.171952970659965
OR1J4,0.999999992575031,0.0687517729930004,0.0338392442708571
OR1N2,0.99999999445467,0.0091300123878711,0.0489378082279982
OR1Q1,0.999999983853052,0.0427170893983452,0.0385917543103096
OR1B1,0.999999990888765,0.101485714781199,0.373846199784873
OR1L3,0.999999975347082,0.143302806558447,0.781332799099561
OR1L4,0.99999997751244,0.0962343985802912,0.255768117881766
OR1L6,0.999999991845573,0.0487508769647968,0.0160916099787059
OR5C1,0.999999995203437,0.573718709106867,0.202383860561382
GLT6D1,0.999999995981755,0.0747274733565305,0.142730641687837
LCN9,0.999999978972149,0.0137118199869362,0.137644990500286
TUBA3C,0.999999997088388,0.0856861630408156,0.150531530435457
MEDAG,0.99999999520607,0.0595310334757034,0.0083957954241089
PRR20A,0.999999973669345,0.280461822237769,0.151074015363465
PRR20C,0.999999973669345,0.280461822237769,0.151074015363465
AL445989.1,0.999999987135503,0.249941269039938,0.0852977844835342
RNF113B,0.999999973660957,0.212238329386222,0.343966940205046
POTEG,0.999999979844797,0.331115693419015,0.0811106775893712
OR4K5,0.99999998905783,0.280585133446534,0.246391751777042
OR4K14,0.999999997604385,0.0070532450299729,0.0362997117201253
OR4K17,0.99999999561747,0.0352188698415499,0.0347965940129869
OR11H6,0.999999987129211,0.0410446885995711,0.0742025759465135
NKX2-8,0.999999993125292,0.9999999803891,0.999999956455591
SERPINA3,0.999999996260086,0.327338239556268,0.334231593645597
IRX2,0.999999995781119,0.0127978782100596,0.0362864728572029
TAF11L2,0.999999989797969,0.312023250243993,0.302972872924404
TAF11L3,0.999999968690046,0.347420323665062,0.0632117906726508
TAF11L11,0.999999995734155,0.268793667681828,0.283293972144455
TAF11L12,0.999999995641018,0.0452901475055768,0.0009857316357788
TAF11L13,0.999999990850776,0.197465460634204,0.0415347881537828
HSPB3,0.999999995098854,0.138434543505203,0.168585110267695
ACTBL2,0.9999999959837,0.0101865736448245,0.0327159464138175
SERF1B,0.999999982728691,0.0276234488021213,0.0313515018667084
SERF1A,0.999999985379538,0.101279995865788,0.212549792446316
CARTPT,0.99999999557352,0.0846869871265793,0.077179574722708
FTMT,0.999999979329931,0.293190720144309,0.270683745039326
IL9,0.999999986660271,0.114508144551938,0.999999982611603
PCDHB3,0.999999991018834,0.122523417128489,0.215883473562352
PCDHB5,0.999999996309615,0.227047368245559,0.509965373351547
PCDHB16,0.999999995255941,0.0558827236835013,0.0727121023216646
PCDHB11,0.999999992709402,0.0539309090661625,0.0815766510440962
PCDHB12,0.999999988799129,0.0726903161717753,0.182268307561136
PCDHB13,0.99999999417529,0.181205610624922,0.146643001085341
SLC25A2,0.999999989161815,0.124237099042982,0.0738810437356111
OR2Y1,0.999999992293301,0.137099414828428,0.160371922584906
POTEH,0.999999987429914,0.999999971306154,0.0366606411233259
GGTLC3,0.999999992113572,0.0487006857069533,0.0863340555297124
AC023490.5,0.999999991915551,0.999999975916749,0.766331316849986
AC007326.4,0.999999990718266,0.0351651981745821,0.203115588185872
PRODH,0.999999988314564,0.174984909788102,0.516822796498622
GGT2,0.999999993892821,0.0353987205176312,0.0034361223017618
AP000552.4,0.999999995630104,0.406918203916349,0.128320834169733
PTF1A,0.999999994977564,0.158269269394331,0.132747914227924
MTRNR2L7,0.999999989452006,0.229035429164225,0.237979818993219
C10orf142,0.99999999603923,0.0382472349315311,0.0715007082320204
NPY4R,0.99999999154789,0.016734168911,0.178474751659378
NPS,0.999999986305253,0.176436175125861,0.307314417051119
RPS4Y1,0.999999991915551,0.999999975916749,0.766331316849986
TBL1Y,0.999999972698951,0.458168703610598,0.225194387888711
DDX3Y,0.999999992009727,0.379388980473307,0.109036515448588
TMSB4Y,0.999999968625983,0.329109819087782,0.0972675783953307
TUBB8P12,0.999999993016469,0.0770797579303802,0.0554203417246473
SLC35G4,0.999999989699303,0.0793822652375252,0.101454024291858
CTAGE1,0.999999986851876,0.0684069054546554,0.0301702822782339
SLC25A52,0.999999994829581,0.213300362467255,0.0629373826604839
ELOA3,0.999999976603553,0.480996535069887,0.18662154551016
ELOA2,0.999999991912056,0.120206288450824,0.0779398590610064
SERPINB3,0.999999995149863,0.369269623986977,0.370584159389388
GOLGA6L6,0.99999996946218,0.166952913178994,0.132035741780496
AC135068.1,0.99999999560206,0.0059264673246922,0.0012447726813776
POTEB,0.99999997751244,0.0962343985802912,0.255768117881766
AC134980.3,0.999999968625983,0.329109819087782,0.0972675783953307
GOLGA6L22,0.999999979771508,0.10263563051079,0.859205229147848
GOLGA8J,0.999999987148169,0.0183728566240142,0.024474905223529
GOLGA8T,0.999999995092651,0.0322941492587233,0.0213838991191229
CHRFAM7A,0.999999991436123,0.0846968255536984,0.147849720394127
GOLGA8R,0.999999991858447,0.111149838646002,0.235764223650674
GOLGA8Q,0.999999993944588,0.0151998143009998,0.340213782802752
GOLGA8H,0.999999995300229,0.119776618516186,0.220867583126221
GOLGA8K,0.999999991266481,0.01650489361885,0.18689226556525
GOLGA8O,0.999999989136926,0.0472726600984794,0.0440142042949729
GJD2,0.999999989546429,0.278245087274816,0.344860195743043
ACTC1,0.999999987183264,0.123496364246791,0.312885732041467
NANOGP8,0.999999994821942,0.212976358607489,0.0622553784204697
GOLGA6B,0.999999980140486,0.0689528266932349,0.222113095669293
OR4F6,0.999999993563503,0.005349036721006,0.005416941958855
OR4F15,0.999999993925561,0.0161665585947672,0.135381692514944
FP565260.6,0.99999999596026,0.3676377225593,0.319081258925031
CRYAA2,0.999999995655041,0.0147464823301637,0.0016056143718629
POTED,0.999999975650946,0.31421414043709,0.33297628203994
CLDN8,0.999999991896126,0.0362129239335665,0.0336521988558361
KRTAP25-1,0.999999995468808,0.125417358218061,0.168222441840937
KRTAP27-1,0.999999994665697,0.350933806258051,0.200658190397101
KRTAP23-1,0.999999986383503,0.0045218432084484,0.0153979280248287
KRTAP13-2,0.99999999631349,0.323150346736994,0.227141531034714
KRTAP13-3,0.999999990725426,0.401609944625795,0.329813522917715
KRTAP13-4,0.999999986390372,0.13905470075531,0.287512104835784
KRTAP15-1,0.999999986305253,0.176436175125861,0.307314417051119
KRTAP19-1,0.999999984546902,0.223709416172039,0.524566582344135
KRTAP19-2,0.999999997420373,0.226923636272702,0.211990456123686
KRTAP19-3,0.999999990733618,0.0102803437058136,0.0269801805405543
KRTAP19-4,0.999999989508207,0.0123067365164019,0.0069598526464843
KRTAP19-5,0.999999994195374,0.0073424040840169,0.000691025947007
KRTAP22-2,0.999999975650946,0.31421414043709,0.33297628203994
KRTAP6-3,0.999999987876776,0.434485973871897,0.281908118454292
KRTAP6-1,0.99999999431042,0.0096719894172575,0.0109670704593505
KRTAP20-1,0.999999986305253,0.176436175125861,0.307314417051119
KRTAP20-4,0.999999983992139,0.167137028631287,0.168391442926503
KRTAP21-3,0.999999995674604,0.134062573963009,0.198839782983384
KRTAP21-1,0.999999974580404,0.0941364625750896,0.344739371658314
KRTAP11-1,0.999999993347356,0.0219579230667094,0.0096085036198676
KRTAP19-8,0.999999975650946,0.31421414043709,0.33297628203994
CBS,0.999999985078094,0.369070991373732,0.344602161602222
U2AF1,0.99999998967924,0.705104352474557,0.473484231998289
ICOSLG,0.999999991230506,0.0671341637076949,0.0648886180053981
